# Host: localhost  (Version: 5.5.53)
# Date: 2021-10-14 09:55:39
# Generator: MySQL-Front 5.3  (Build 4.234)

/*!40101 SET NAMES utf8 */;

#
# Structure for table "comment_table"
#

CREATE TABLE `comment_table` (
  `id` int(11) NOT NULL AUTO_INCREMENT,
  `goodsId` varchar(10) NOT NULL,
  `vipName` varchar(10) NOT NULL,
  `commentTime` datetime NOT NULL,
  `content` varchar(1000) DEFAULT NULL,
  `commentImg` varchar(255) DEFAULT NULL,
  `commentContent` varchar(255) DEFAULT NULL,
  PRIMARY KEY (`id`)
) ENGINE=MyISAM AUTO_INCREMENT=86 DEFAULT CHARSET=utf8;

#
# Data for table "comment_table"
#

INSERT INTO `comment_table` VALUES (1,'community0','aaaa','2021-10-02 15:49:30','认识我的人都知道，我分享美图一般配多少文字。不过这次我要写一下。拿到这款魅蓝回归首款新品已经差不多一周时间了，工作的各种原因，导致迟迟没有时间使用。昨天晚上终于有时间试一下。说实话，我一直在用POP Pro，觉得魅蓝199元的新品，一分加上一分货，打心底里就觉得不靠谱。试用之后我有点改观了，甚至毫不夸张的说，简直问鼎POP Pro。摄影人多少有点强迫症，Blus的充电盒使用磨砂材质，不容易划花，这个点很中草。另外加入无线充电，终于可以让我床头的无线灯排上用场。官方说超长续航（未验证），还有双Mic通话降噪的确效果很好……让我对原来199元的品质刮目相看。不知道刚入手小伙们有啥看法？by醉刘的摄影狮','../img/index/community/0.jpg','魅蓝Blus主动降噪耳机图赏，冲冲冲！'),(2,'community1','aaaa','2021-10-02 16:14:57','江南宋城，浮桥八境，郁孤台下清江水，中间多少行人泪。魅族18Pro 下的江南宋城夜景','../img/index/community/1.jpg','美图品鉴:给独角兽点一杯果味特饮'),(3,'community2','aaaa','2021-10-09 18:54:22','PANDAER「果味特饮」手机壳——柠檬黑加仑','../img/index/community/2.jpg','魅蓝Blus主动降噪耳机图赏，冲冲冲！'),(4,'community3','aaaa','2021-10-11 18:54:22','认识我的人都知道，我分享美图一般配多少文字。不过这次我要写一下。拿到这款魅蓝回归首款新品已经差不多一周时间了，工作的各种原因，导致迟迟没有时间使用。昨天晚上终于有时间试一下。说实话，我一直在用POP Pro，觉得魅蓝199元的新品，一分加上一分货，打心底里就觉得不靠谱。试用之后我有点改观了，甚至毫不夸张的说，简直问鼎POP Pro。摄影人多少有点强迫症，Blus的充电盒使用磨砂材质，不容易划花，这个点很中草。另外加入无线充电，终于可以让我床头的无线灯排上用场。官方说超长续航（未验证），还有双Mic通话降噪的确效果很好……让我对原来199元的品质刮目相看。不知道刚入手小伙们有啥看法？by醉刘的摄影狮','../img/index/community/3.jpg','这个大月饼是真的「有点东西」，这也太大了，O(∩_∩)O哈哈~，直接看图吧'),(5,'community4','aaaa','2021-10-09 18:56:22','极致舒适的小屏旗舰：魅族18 渡海','../img/index/community/4.jpg','合肥昨天还是好天气，从今天开始就不是了，于是昨天赶紧用魅族18记录公司这满园春色。'),(6,'community5','aaaa','2021-10-02 15:39:30','大神，图③看不明白，是不是图片数据不对啊','../img/index/community/6.jpg','六张魅族18s的九宫格回味假期瞬间'),(7,'community6','aaaa','2021-12-12 15:49:30','认识我的人都知道，我分享美图一般配多少文字。不过这次我要写一下。拿到这款魅蓝回归首款新品已经差不多一周时间了，工作的各种原因，导致迟迟没有时间使用。昨天晚上终于有时间试一下。说实话，我一直在用POP Pro，觉得魅蓝199元的新品，一分加上一分货，打心底里就觉得不靠谱。试用之后我有点改观了，甚至毫不夸张的说，简直问鼎POP Pro。摄影人多少有点强迫症，Blus的充电盒使用磨砂材质，不容易划花，这个点很中草。另外加入无线充电，终于可以让我床头的无线灯排上用场。官方说超长续航（未验证），还有双Mic通话降噪的确效果很好……让我对原来199元的品质刮目相看。不知道刚入手小伙们有啥看法？by醉刘的摄影狮','../img/index/community/7.jpg','魅族智能手表最美证件照'),(8,'community7','aaaa','2021-10-04 15:49:30','认识我的人都知道，我分享美图一般配多少文字。不过这次我要写一下。拿到这款魅蓝回归首款新品已经差不多一周时间了，工作的各种原因，导致迟迟没有时间使用。昨天晚上终于有时间试一下。说实话，我一直在用POP Pro，觉得魅蓝199元的新品，一分加上一分货，打心底里就觉得不靠谱。试用之后我有点改观了，甚至毫不夸张的说，简直问鼎POP Pro。摄影人多少有点强迫症，Blus的充电盒使用磨砂材质，不容易划花，这个点很中草。另外加入无线充电，终于可以让我床头的无线灯排上用场。官方说超长续航（未验证），还有双Mic通话降噪的确效果很好……让我对原来199元的品质刮目相看。不知道刚入手小伙们有啥看法？by醉刘的摄影狮','../img/index/community/8.jpg','今天1500收了个全新的15plus.顶配'),(78,'community0','aaaa','2021-10-10 21:51:04','测试评论功能',NULL,NULL),(79,'community1','aaaa','2021-10-10 21:52:14','测试评论功能',NULL,NULL),(80,'community2','aaaa','2021-10-10 21:54:29','测试评论功能',NULL,NULL),(81,'community3','aaaa','2021-10-10 21:56:32','测试评论功能',NULL,NULL),(82,'community4','aaaa','2021-10-10 21:56:49','测试评论功能',NULL,NULL),(83,'community5','aaaa','2021-10-10 22:01:43','测试评论功能',NULL,NULL),(84,'community6','aaaa','2021-10-10 22:02:10','测试评论功能',NULL,NULL),(85,'community7','aaaa','2021-10-10 22:02:31','测试评论功能',NULL,NULL);

#
# Structure for table "goodsinfo"
#

CREATE TABLE `goodsinfo` (
  `goodsId` varchar(20) NOT NULL,
  `goodsName` varchar(100) DEFAULT NULL,
  `typeId` char(3) NOT NULL,
  `goodsPrice` float DEFAULT NULL,
  `goodsCount` int(11) DEFAULT NULL,
  `goodsDesc` varchar(100) DEFAULT NULL,
  `goodsImg` varchar(100) DEFAULT NULL,
  `goodsOldPrice` varchar(100) DEFAULT NULL,
  `goodsTitle` varchar(100) DEFAULT NULL,
  `goodsInfoImg` varchar(10000) DEFAULT NULL,
  `isHas` varchar(100) DEFAULT NULL,
  `goodsColor` varchar(100) DEFAULT NULL,
  `goodsBanner` varchar(10000) DEFAULT NULL,
  `goodsUserImg` varchar(1000) DEFAULT NULL,
  PRIMARY KEY (`goodsId`),
  KEY `typeId` (`typeId`)
) ENGINE=MyISAM DEFAULT CHARSET=utf8;

#
# Data for table "goodsinfo"
#

INSERT INTO `goodsinfo` VALUES ('community0','醉刘的摄影狮','006',0,0,'银河秘境，乍现犹如明镜，夺目璀璨，细看却又似银河般，深邃朦胧。随角度的变幻，可显现出由深到浅的银色，仿若穿越银河，秘境开启，将极致与热爱融入进这光与影之中。','../img/index/community/0.jpg','','魅族 18ro |银河秘境图赏','../img/index/community/8.jpg','true','魅族 18Pro','img/index/community/bannerImg/01001.jpg img/index/community/bannerImg/01002.jpg img/index/community/bannerImg/01003.jpg',''),('community1','一楽拉面','006',0,0,'飞雪流光的美，今天终于有时间好好拍一下它。','../img/index/community/1.jpg','','魅族 18ro |银河秘境图赏','../img/index/community/9.jpg','true','魅族 18Pro','img/index/community/bannerImg/02001.jpg img/index/community/bannerImg/02002.jpg img/index/community/bannerImg/02003.jpg',''),('community2','萬_金龍','006',0,0,'魅族18踏雪配色上手图又来了。又是一位小姐姐上手踏雪配色的魅族18，我只能说魅族18踏雪真的很美','../img/index/community/2.jpg','','魅族 18 | 踏雪图赏','../img/index/community/10.jpg','true','魅族 18','img/index/community/bannerImg/03001.jpg img/index/community/bannerImg/03002.jpg img/index/community/bannerImg/03003.jpg img/index/community/bannerImg/03004.jpg',''),('community3','瘦子說','006',0,0,'渡海，这个颜色，在18系列来说，应该是比较让我个人喜欢的。有一种淡淡的蓝色在光线下，确实有点大海浪花的感觉。不过我自己还是更喜欢白色版本的18 Pro。','../img/index/community/3.jpg','','魅族 18 | 渡海图赏','../img/index/community/11.jpg','true','魅族 18','img/index/community/bannerImg/04001.jpg img/index/community/bannerImg/04002.jpg img/index/community/bannerImg/04003.jpg',''),('community4','我是魅之神','006',0,0,'过去半个月，我一直在用这部魅族18渡海版进行拍照体验。依稀记得，魅族在近年来的发布会上，都分享过其对“摄影是什么”的理解和探索。毕竟，手机后面的这几颗镜头，不是摆设，而是你记录自己足迹和生活的重要工具','../img/index/community/4.jpg','','手握一款162克的手机拍照，是怎样的体验？让摄影从轻出发','../img/index/community/12.jpg','true','魅族 18','img/index/community/bannerImg/05001.jpg img/index/community/bannerImg/05002.jpg img/index/community/bannerImg/05003.jpg',''),('community5','卡瓦格博journey','006',0,0,'  该内容可能违规或正在审核中','../img/index/community/5.jpg','','Dark Vision 极致夜景视界','../img/index/community/13.jpg','true','魅族 18','',''),('community6','醉刘的摄影狮','006',0,0,'好雨知时节，当春乃发生，随风潜入夜，润物细无声。','../img/index/community/6.jpg',NULL,'「春雨润物 」魅族18相机体验','../img/index/community/8.jpg','true','魅族 18','img/index/community/bannerImg/07001.jpg img/index/community/bannerImg/07002.jpg img/index/community/bannerImg/07003.jpg img/index/community/bannerImg/07004.jpg ',''),('community7','醉刘的摄影狮','006',0,0,'圣洁优雅的雪花缓缓落入湖中，超脱凡尘与世俗的情感从远方踏雪而来，只为与您相遇！一组魅族18踏雪的美图祝魅族18岁生日快乐！','../img/index/community/7.jpg','','午后暖阳尽显 魅族18 温润优雅','../img/index/community/8.jpg','true','魅族 18','img/index/community/bannerImg/08001.jpg img/index/community/bannerImg/08002.jpg img/index/community/bannerImg/08003.jpg img/index/community/bannerImg/08004.jpg ',''),('lipro1','魅族 Lipro LED 橱柜灯','004',169,1,'【限时3期免息 | 下方详情页抽至高20元红包】博物馆级健康光 | 全场景灵活补光 | 无感操控 悬停调光 | 磁吸随贴安装 | Ra97 高色彩还原 | RG0 舒适低蓝光 | 有线无线双版本','../img/index/lipro/1.jpg','199','【3期免息】全场景灵活补光 无感操控 悬停调光','https://openfile.meizu.com/group1/M00/08/98/Cgbj0GCvi_mAMHBKAAv6JsVTtFs006.jpg','true','银色','https://openfile.meizu.com/group1/M00/08/42/Cgbj0F_sLz-AL6T2AAC0Na9j6kQ970.png680x680.jpg https://openfile.meizu.com/group1/M00/08/47/Cgbj0F_1RjuAC5gVAAdlRgv09lQ384.jpg680x680.jpg https://openfile.meizu.com/group1/M00/08/5C/Cgbj0V_1RjuADqllAAioi4UCPtg753.jpg680x680.jpg',NULL),('lipro10','魅族 Lipro LED 智能吸顶灯','004',799,1,'【9月23日起前30名购40cm或50cm吸顶灯赠价值99元蓝牙控制器】【限时特惠499元起 | 3期免息】如然之光 护眼好光 | 2cm 超薄灯体 | Ra97高色彩还原 | 多平台智能互联 | R','../img/index/lipro/2.jpg','999','【限量赠蓝牙控制器 | 3期免息】2cm 超薄灯体','https://openfile.meizu.com/group1/M00/08/AF/Cgbj0WC0bWqAHR5tAAyQqvO4juQ988.jpg','true','白色','https://openfile.meizu.com/group1/M00/08/B3/Cgbj0GD_n5-AaBYaAAiX0k-qJrI144.jpg680x680.jpg https://openfile.meizu.com/group1/M00/08/58/Cgbj0V_sMhaAacXhAAKn4ra3zVc277.png680x680.jpg https://openfile.meizu.com/group1/M00/08/C5/Cgbj0WD_n5-ALBjEAAfdnYAX1KA322.jpg680x680.jpg',NULL),('lipro11','Lipro LED 智能感应灯','004',149,1,'【专业级光源 | 旗舰级续航 | 自动感应+手扫调光】','../img/index/lipro/3.jpg','169','专业级光源 | 旗舰级续航 | 自动感应+手扫调光','https://openfile.meizu.com/group1/M00/08/DF/Cgbj0WFJia6AMqwHAAkFi1NmWXI751.jpg','true','白色','https://openfile.meizu.com/group1/M00/08/CD/Cgbj0GFJjR-AOXVxAAEgbMvfA5Q042.png680x680.jpg https://openfile.meizu.com/group1/M00/08/CB/Cgbj0GFJghmAC22AAAJnzcTCfdU569.png680x680.jpg https://openfile.meizu.com/group1/M00/08/DE/Cgbj0WFJghWAJH3qAAZU8G_cIPI240.jpg680x680.jpg',NULL),('lipro12','魅族 Lipro LED 橱柜灯','004',179,1,'【限时3期免息 | 下方详情页抽至高20元红包】博物馆级健康光 | 全场景灵活补光 | 无感操控 悬停调光 | 磁吸随贴安装 | Ra97 高色彩还原 | RG0 舒适低蓝光 | 有线无线双版本','../img/index/lipro/4.jpg','269','【3期免息】全场景灵活补光 无感操控 悬停调光','https://openfile.meizu.com/group1/M00/08/98/Cgbj0GCvjBCAbmteAA5jJj_T8jk606.jpg','true','银色','https://openfile.meizu.com/group1/M00/08/42/Cgbj0F_sLz-AL6T2AAC0Na9j6kQ970.png680x680.jpg https://openfile.meizu.com/group1/M00/08/47/Cgbj0F_1RjuAC5gVAAdlRgv09lQ384.jpg680x680.jpg https://openfile.meizu.com/group1/M00/08/5C/Cgbj0V_1RjuADqllAAioi4UCPtg753.jpg680x680.jpg',NULL),('lipro13','魅族 Lipro LED 灯泡','004',44,1,'【限时9折 】博物馆级健康光 | 柔和光亮 护眼舒适 | Ra97 高显色 还原自然光 | RG0 护眼低蓝光 | 无可视频闪','../img/index/lipro/5.jpg','49','【满300减40】博物馆级健康光 RG0舒适低蓝光','https://openfile.meizu.com/group1/M00/08/AB/Cgbj0GDVmqOAIqXLAAsBG93K1s0873.jpg','true','白色','https://openfile.meizu.com/group1/M00/08/46/Cgbj0F_0GSaAN9lqAACCdwIBQOc806.jpg680x680.jpg https://openfile.meizu.com/group1/M00/08/46/Cgbj0F_1Re-Ad2OYAAaDpdA-33g504.jpg680x680.jpg https://openfile.meizu.com/group1/M00/08/46/Cgbj0F_1Re-AQo5SAAig71HUtmo248.jpg680x680.jpg',NULL),('lipro14','魅族 Lipro LED 筒灯','004',99,1,'【限时特惠99元起 | 3期免息】博物馆级健康光 | 柔和光亮 舒适护眼 | 防水防雾 便捷安装 | 可控硅调光 | Ra97 高色彩还原 | RG0 护眼低蓝光 | IP54 级防水','../img/index/lipro/6.jpg','129','【满300减40 | 3期免息】Ra97 高色彩还原','https://openfile.meizu.com/group1/M00/08/A5/Cgbj0WCcg7CADLRhAAz0-K64hf4341.jpg','true','钛色','https://openfile.meizu.com/group1/M00/08/58/Cgbj0V_sMc-AB2ZCAAXfZTNJTIE692.png680x680.jpg https://openfile.meizu.com/group1/M00/08/A6/Cgbj0WCckB-AQ0nqAAcV4bqdwwc143.png680x680.jpg https://openfile.meizu.com/group1/M00/08/5A/Cgbj0V_1RdWAJDjiAAfKNZsr6G8018.jpg680x680.jpg',NULL),('lipro15','Lipro LED 射灯 标准版','004',129,1,'【新品上市 | 限时立省30元+3期免息】Ra97 高显色 | 双重防眩 | 双向角度可调 | lP54 防水 | 洗墙优选','../img/index/lipro/7.jpg','159','【满300减40 | 3期免息】双向角度可调','https://openfile.meizu.com/group1/M00/08/B1/Cgbj0GD1Q1iAP2CvAAklVRi-P-g043.jpg','true','白色','https://openfile.meizu.com/group1/M00/08/B0/Cgbj0GDvrH2AJHVwAAP4l8MdVZo020.png680x680.jpg https://openfile.meizu.com/group1/M00/08/C2/Cgbj0WDvrHOAfgIKAAdcYVIzpa4500.jpg680x680.jpg https://openfile.meizu.com/group1/M00/08/C2/Cgbj0WDvrHOAF-l1AAdRaHcyVu8284.jpg680x680.jpg',NULL),('lipro16','Lipro LED 射灯 可控硅调光版','004',299,1,'【新品上市 | 限时特惠299元+3期免息】Ra97 高显色 | 可控硅调光 | 双重防眩 | 双向角度可调 | lP54 防水 | 洗墙优选','../img/index/lipro/8.jpg','329','【满300减40 | 3期免息】可控硅调光','https://openfile.meizu.com/group1/M00/08/B5/Cgbj0GD_0SaAdA-OAAwrIDATw0c937.jpg','true','白色','https://openfile.meizu.com/group1/M00/08/C6/Cgbj0WD_vluAdHfUAAeXKrDrPR0226.png680x680.jpg https://openfile.meizu.com/group1/M00/08/C2/Cgbj0WDvrHOAF-l1AAdRaHcyVu8284.jpg680x680.jpg https://openfile.meizu.com/group1/M00/08/B3/Cgbj0GD_vluAZLgEAAUJwDyTuBI659.jpg680x680.jpg',NULL),('lipro2','魅族 Lipro LED 智能吸顶灯','004',499,1,'【9月23日起前30名购40cm或50cm吸顶灯赠价值99元蓝牙控制器】【限时特惠499元起 | 3期免息】如然之光 护眼好光 | 2cm 超薄灯体 | Ra97高色彩还原 | 多平台智能互联 | R','../img/index/lipro/9.jpg','599','【限量赠蓝牙控制器 3期免息】Ra97高色彩还原','https://openfile.meizu.com/group1/M00/08/9D/Cgbj0GC0bWaABFMuAAv6JsVTtFs087.jpg','true','白色','https://openfile.meizu.com/group1/M00/08/58/Cgbj0V_sMhaAacXhAAKn4ra3zVc277.png680x680.jpg https://openfile.meizu.com/group1/M00/08/B3/Cgbj0GD_n5-AaBYaAAiX0k-qJrI144.jpg680x680.jpg https://openfile.meizu.com/group1/M00/08/C5/Cgbj0WD_n5-ALBjEAAfdnYAX1KA322.jpg680x680.jpg',NULL),('lipro3','Lipro LED 金属球泡 低压版','004',69,1,'【新品上市 | 限时立省20元】如然之光 护眼好光 | 支持多场景智能控制 | 0 -100 无极调光','../img/index/lipro/10.jpg','89','【满300减40】如然之光 护眼好光','https://openfile.meizu.com/group1/M00/08/BA/Cgbj0GEl3iyAUOxHAA7CBr2taK0961.jpg','true','枪灰色','https://openfile.meizu.com/group1/M00/08/B8/Cgbj0GEcn8KAUD4_AAu-CXlq2vQ933.jpg680x680.jpg https://openfile.meizu.com/group1/M00/08/CB/Cgbj0WEcn8KAAWFjAAh5oPtyBFY063.jpg680x680.jpg https://openfile.meizu.com/group1/M00/08/B8/Cgbj0GEcn8mAUw5VAAiXx_H9XmA238.jpg680x680.jpg',NULL),('lipro4','Lipro LED 灯杯','004',49,1,'【上新福利 | 限时5折】Ra97 高显色 | 超长寿命 | 高效散热 | 高亮透镜结构 | 光束角24° / 36°','../img/index/lipro/11.jpg','98','【满300减40】Ra97 高显色 | 超长寿命','https://openfile.meizu.com/group1/M00/08/CC/Cgbj0WEcyl-AFu7kAAswTooBZHo390.jpg','true','枪灰色','https://openfile.meizu.com/group1/M00/08/B8/Cgbj0GEcn4GAcFgHAAeYjmE5-j4958.png680x680.jpg https://openfile.meizu.com/group1/M00/08/B8/Cgbj0GEcn4GAdxpaAAx2iexZSn8780.png680x680.jpg https://openfile.meizu.com/group1/M00/08/CB/Cgbj0WEcn4mADRx4AAd6BN6EUhc417.jpg680x680.jpg',NULL),('lipro5','魅族 Lipro LED 灯带','004',199,1,'博物馆级健康光 | 精心选材 柔性布光 | 密封防尘 剪裁随心 | Ra97 高色彩还原 | RG0 舒适低蓝光】','../img/index/lipro/12.jpg','','博物馆级健康光 | 无可见频闪','https://openfile.meizu.com/group1/M00/08/98/Cgbj0GCvi_mAMHBKAAv6JsVTtFs006.jpg','true','透明PVC','https://openfile.meizu.com/group1/M00/08/42/Cgbj0F_sMOOAQyGuAAO_SgCyZuQ559.png680x680.jpg https://openfile.meizu.com/group1/M00/08/5B/Cgbj0V_1RhOAFdd9AAcWpSW33Bs420.jpg680x680.jpg https://openfile.meizu.com/group1/M00/08/5B/Cgbj0V_1RhOADtPsAAdRPgg8TZc724.jpg680x680.jpg',NULL),('lipro6','魅族 Lipro LED 筒灯「调光版」','004',269,1,'【限时特惠99元起 | 3期免息】博物馆级健康光 | 柔和光亮 舒适护眼 | 防水防雾 便捷安装 | 可控硅调光 | Ra97 高色彩还原 | RG0 护眼低蓝光 | IP54 级防水','../img/index/lipro/13.jpg','299','【满300减40 | 3期免息】可控硅调光','https://openfile.meizu.com/group1/M00/08/98/Cgbj0GCvi_mAMHBKAAv6JsVTtFs006.jpg','true','钛色','https://openfile.meizu.com/group1/M00/08/58/Cgbj0V_sMc-AB2ZCAAXfZTNJTIE692.png680x680.jpg https://openfile.meizu.com/group1/M00/08/A6/Cgbj0WCckB-AQ0nqAAcV4bqdwwc143.png680x680.jpg https://openfile.meizu.com/group1/M00/08/5A/Cgbj0V_1RdWAJDjiAAfKNZsr6G8018.jpg680x680.jpg',NULL),('lipro7','魅族 Lipro LED 地脚灯','004',99,1,'【新色上市】博物馆级健康光 | 特调柔光 体验金线 | 雷达监测 智能感应 | 高显色低蓝光 | 主动式雷达检测 | 防眩光栅','../img/index/lipro/14.jpg','','【满300减40】博物馆级健康光 | 主动式雷达检测','https://openfile.meizu.com/group1/M00/08/AA/Cgbj0WCvWFuATbIlAAv6JsVTtFs096.jpg','true','白色 香槟金 深空灰','https://openfile.meizu.com/group1/M00/08/DD/Cgbj0GFTzvGADz_JAAo05ilZWgs373.png680x680.jpg https://openfile.meizu.com/group1/M00/08/F0/Cgbj0WFTz2mAbLvrAAaCQbc6FCM308.png680x680.jpg',NULL),('lipro8','魅族 Lipro 可控硅无极调光面板','004',199,1,'【前、后切式可控硅调光 | 防雷击保护 | 过温保护 | 长寿命】','../img/index/lipro/15.jpg','','【满300减40】前、后切式可控硅调光','https://openfile.meizu.com/group1/M00/08/9C/Cgbj0GC0RA-AI__xAAZ6RidBTxY873.jpg','true','白色','https://openfile.meizu.com/group1/M00/08/57/Cgbj0V_sMaOAGKggAAIXUnaZ8Wk845.png680x680.jpg https://openfile.meizu.com/group1/M00/08/43/Cgbj0F_sMaOARtKoAAISqheZ-zc536.png680x680.jpg',NULL),('lipro9','魅族 Lipro 智能蓝牙控制器','004',89,1,'【前、后切式可控硅调光 | 防雷击保护 | 过温保护 | 长寿命】','../img/index/lipro/16.jpg','','【满300减40】支持调光、调色 | 蓝牙连接','https://openfile.meizu.com/group1/M00/08/9B/Cgbj0GCzqReATPMOAAz_6z8WI3U356.jpg','true','白色','https://openfile.meizu.com/group1/M00/08/57/Cgbj0V_sMaOAGKggAAIXUnaZ8Wk845.png680x680.jpg https://openfile.meizu.com/group1/M00/08/43/Cgbj0F_sMaOARtKoAAISqheZ-zc536.png680x680.jpg',NULL),('pandaer1','PANDAER「龍」手机壳','002',89,1,'【新品上市 | 附赠官方定制保护膜】魅族 17 / 18 系列适用 | 御龙飒爽印花 | 薄纱朦胧视野 | 如触顺鳞之感','../img/index/pandaer/1.jpg','','【附赠官方定制保护膜】魅族 17 / 18 系列适用','https://openfile.meizu.com/group1/M00/08/C4/Cgbj0GFDMUiAArdPAA0m7jZZ1z4856.jpg','true','半透明(魅族17系列) 半透明(魅族18) 半透明(魅族18s)','https://openfile.meizu.com/group1/M00/08/D7/Cgbj0WFC94aAPLiwAAZ31r9s-cQ505.png680x680.jpg https://openfile.meizu.com/group1/M00/08/D6/Cgbj0WFC93SAK7TRAAmDgqOICR0289.jpg680x680.jpg https://openfile.meizu.com/group1/M00/08/C3/Cgbj0GFC93SAc8-kAAupt6mMoLs670.jpg680x680.jpg',NULL),('pandaer10','PANDAER「重塑」钥匙扣','002',89,1,'【备货中 | 敬请关注】立体造型 | 重塑系列 | 腕带便携','../img/index/pandaer/2.jpg','','立体造型 | 重塑系列 | 腕带便携','https://openfile.meizu.com/group1/M00/08/E5/Cgbj0WFKmlyAML4UAAqD52jvimA609.jpg','false','起源','https://openfile.meizu.com/group1/M00/08/E0/Cgbj0WFJkJOAMDVkAAQOvr1V7U8825.png680x680.jpg https://openfile.meizu.com/group1/M00/08/CD/Cgbj0GFJkJOAV-D0AAXrkF6SWbY570.png680x680.jpg https://openfile.meizu.com/group1/M00/08/D0/Cgbj0GFJ-vGAWFlkAAtLApLdULE497.jpg680x680.jpg',NULL),('pandaer11','PANDAER「重塑」徽章','002',39,1,'【新品上市 | 限量现货】磁石吸附力 | 重塑系列 | 防锈蚀','../img/index/pandaer/3.jpg','','磁石吸附力 | 重塑系列 | 极限御锈力','https://openfile.meizu.com/group1/M00/08/E5/Cgbj0WFKmSOAKgkSAAmaKLUEYSs669.jpg','true','盲盒','https://openfile.meizu.com/group1/M00/08/E0/Cgbj0WFJkLGANt9CAAf3Z2Z7phk357.png680x680.jpg https://openfile.meizu.com/group1/M00/08/E0/Cgbj0WFJkKiAUvHVAAhtEBEjCLw233.png680x680.jpg https://openfile.meizu.com/group1/M00/08/CD/Cgbj0GFJkK6ATGLeAAmEZanH6UI200.png680x680.jpg https://openfile.meizu.com/group1/M00/08/CD/Cgbj0GFJkKiABk9wAAiFvke51-Y458.png680x680.jpg',NULL),('pandaer12','魅族 18 系列 PANDAER「重塑」手机壳','002',69,1,'【新品上市】魅族 18 系列全适配 | 重塑系列 | 细腻色彩 | 顺滑触感','../img/index/pandaer/4.jpg','','魅族 18 系列全适配 | 细腻色彩 | 顺滑触感','https://openfile.meizu.com/group1/M00/08/E5/Cgbj0WFKo7uAT3dxAAw-3zi_96Q392.jpg','true','盲盒','https://openfile.meizu.com/group1/M00/08/CE/Cgbj0GFJmKmAPegZAAmR_kGJPV4948.png680x680.jpg https://openfile.meizu.com/group1/M00/08/CF/Cgbj0GFJ5ziAL0cZAAw9eQ9X7uI600.jpg680x680.jpg https://openfile.meizu.com/group1/M00/08/E3/Cgbj0WFJ50CASHMkAA35fxlfUjY387.jpg680x680.jpg',NULL),('pandaer2','PANDAER「重塑」钥匙扣','002',49,1,'【备货中 | 敬请关注】立体造型 | 重塑系列 | 腕带便携','../img/index/pandaer/5.jpg','','立体造型 | 重塑系列 | 腕带便携','https://openfile.meizu.com/group1/M00/08/E5/Cgbj0WFKmlyAML4UAAqD52jvimA609.jpg','false','起源','https://openfile.meizu.com/group1/M00/08/E0/Cgbj0WFJkJOAMDVkAAQOvr1V7U8825.png680x680.jpg https://openfile.meizu.com/group1/M00/08/CD/Cgbj0GFJkJOAV-D0AAXrkF6SWbY570.png680x680.jpg https://openfile.meizu.com/group1/M00/08/E3/Cgbj0WFJ-vGANW5AAAPDQxlGBVQ529.jpg680x680.jpg',NULL),('pandaer3','PANDAER「果味特饮」手机壳','002',49,1,'【附赠官方定制保护膜】魅族 17 / 18 系列适用 | 半透果冻设计 | 夏日限定款 | 清凉无负担','../img/index/pandaer/6.jpg','89','【满300减40】附赠官方保护膜 | 半透果冻设计','https://openfile.meizu.com/group1/M00/08/D1/Cgbj0WE53M2AYOUPAA69l2i1LDg674.jpg','true','冻柠乐（18/18s） 芒果绵绵冰（18/18s） 柠檬黑加仑（18/18s） 芒果绵绵冰（18Pro/18sPro）','https://openfile.meizu.com/group1/M00/08/B7/Cgbj0WDB-xGAKdNpAAHN_2RPlDw696.png680x680.jpg https://openfile.meizu.com/group1/M00/08/A3/Cgbj0GDAZ6-ARFKmAAmCQzwpqZ0062.jpg680x680.jpg https://openfile.meizu.com/group1/M00/08/B6/Cgbj0WDAZ7qABH42AAiuCAWI_sE147.png680x680.jpg',NULL),('pandaer4','PANDAER 侠意手机壳','002',49,1,'【附赠官方定制保护膜】魅族 18 系列适用 | 侠意主题插画 | 半透明材质 | 磨砂清爽手感','../img/index/pandaer/7.jpg','89','【满300减40】附赠官方保护膜 | 半透明材质','https://openfile.meizu.com/group1/M00/08/BE/Cgbj0WDVecyAQVciAA1FkPRVZBM890.jpg','true','黄色（18/18s） 蓝色（18/18s） 天青色（18Pro/18sPro）','https://openfile.meizu.com/group1/M00/08/BD/Cgbj0WDUiOyAAyjbAA1G0JDA0i4393.png680x680.jpg https://openfile.meizu.com/group1/M00/08/A9/Cgbj0GDUQqGANMOTAA1WAsREf7w583.jpg680x680.jpg https://openfile.meizu.com/group1/M00/08/A9/Cgbj0GDUQqGADXVsAAv4K8kkEh8443.jpg680x680.jpg',NULL),('pandaer5','PANDAER「果味特饮」手机壳 for iPhone','002',69,1,'【新品上市 | 限量现货】iPhone 12 / 12 Pro适用 | 半透果冻设计 | 夏日限定款 | 清凉无负担','../img/index/pandaer/8.jpg','','iPhone 12 / 12 Pro适用 | 半透果冻设计','https://openfile.meizu.com/group1/M00/08/BF/Cgbj0GE53daAEAoPAApLefgZOqc607.jpg','true','柠檬黑加仑（iPhone12/12Pro） 芒果绵绵冰（iPhone12/12Pro）','https://openfile.meizu.com/group1/M00/08/D0/Cgbj0WE5w5KABip6AAxkvHFGk04731.png680x680.jpg https://openfile.meizu.com/group1/M00/08/BD/Cgbj0GE5w5OAchYSAA3bNpxNsZk046.jpg680x680.jpg',NULL),('pandaer6','PANDAER PC 磨砂壳','002',49,1,'【附赠官方定制保护膜】PANDAER 18 周年定制 | 附赠手机膜 | 磨砂防指纹 | 轻薄无负担','../img/index/pandaer/9.jpg','89','【满300减40】附赠官方保护膜 |  18 周年定制','https://openfile.meizu.com/group1/M00/08/A8/Cgbj0GDLO-mARpqmAA4EMlmJv_M535.jpg','true','18周年纪念（18/18s） 18周年纪念（18Pro/18sPro）','https://openfile.meizu.com/group1/M00/08/9B/Cgbj0GCwvAeACcRcAAWjRXcpC0Y772.png680x680.jpg https://openfile.meizu.com/group1/M00/08/BB/Cgbj0WDLCVyAS3xXAAqn-i1VjZ0415.png680x680.jpg https://openfile.meizu.com/group1/M00/08/A8/Cgbj0GDLCVyAWOPgAAu8ARKxWXc948.png680x680.jpg',NULL),('pandaer7','PANDAER「重塑」熊猫大手办','002',599,1,'【众筹成功】限量收藏 | 多形态可换 | 16cm 大手办 | DIY 贴纸','../img/index/pandaer/10.jpg','','限量收藏 | 多形态可换 | 16cm 大手办','https://openfile.meizu.com/group1/M00/08/E5/Cgbj0WFKlhyAVm6vAA1RHDJAlqI693.jpg','true','18周年纪念（18/18s） 18周年纪念（18Pro/18sPro）','https://openfile.meizu.com/group1/M00/08/CF/Cgbj0GFJ5NaAfsqcAAhzf4AYhh4155.png680x680.jpg https://openfile.meizu.com/group1/M00/08/CF/Cgbj0GFJ5NWAS--UAAOWVA1sQYo910.jpg680x680.jpg https://openfile.meizu.com/group1/M00/08/E2/Cgbj0WFJ5NWAeHjsAAQFKU77M8A381.jpg680x680.jpg',NULL),('pandaer8','闪极 118W 可视移动电源','002',699,1,'【魅族 17、18系列 适配 | 118W 强劲功率 | 20000mAh 持久续航  | IPS 全彩智能显示屏 | 全透明设计 | 多快充协议支持】','../img/index/pandaer/11.jpg','','PANDAER X SHARGE | 20000mAh 持久续航','https://openfile.meizu.com/group1/M00/08/EA/Cgbj0WFMTluAT21tAAtOUeTVmRo847.jpg','true','本体 本体+65W充电器','https://openfile.meizu.com/group1/M00/08/EC/Cgbj0WFNmACAPciHAAz2x2SfQUo523.png680x680.jpg https://openfile.meizu.com/group1/M00/08/EB/Cgbj0WFMUvOALHDQAATpFi_f9_0161.jpg680x680.jpg https://openfile.meizu.com/group1/M00/08/D8/Cgbj0GFMUvKANaEdAAYFBsPp4EI913.jpg680x680.jpg https://openfile.meizu.com/group1/M00/08/EB/Cgbj0WFMUvKADstUAAQ7CJOGGGY203.jpg680x680.jpg',NULL),('pandaer9','PANDAER X IQUNIX 超触感透明机械键盘','002',699,1,'【F 区倾斜设计 | 80 键布局 | PBT 键帽 | Cherry / TTC 轴 | 热插拔】','../img/index/pandaer/12.jpg','','PANDAER X SHARGE | F 区倾斜设计 80 键布局','https://openfile.meizu.com/group1/M00/08/D7/Cgbj0GFMUNaAXebNAAn_EYuF-KY807.jpg','true','白色','https://openfile.meizu.com/group1/M00/08/DF/Cgbj0WFJgl2ADa6DAAc7wfZRT_U812.png680x680.jpg https://openfile.meizu.com/group1/M00/08/CB/Cgbj0GFJglSAEXbpAAgbA92O8Fs397.png680x680.jpg https://openfile.meizu.com/group1/M00/08/CC/Cgbj0GFJgl2AR6ivAAfinIxwsJs979.png680x680.jpg https://openfile.meizu.com/group1/M00/08/DF/Cgbj0WFJglSAeUZGAAZIqk5EW78810.png680x680.jpg',NULL),('parts1','魅族立式无线超充','005',199,1,'【3期免息】40W 无线超充 比肩有线 | 双重线圈 横竖无忧 | 立式风道 快而冷静】','../img/index/parts/1.jpg','','【满300减40】40W无线超充 双重线圈','https://openfile.meizu.com/group1/M00/08/90/Cgbj0GCUnmGAC4ZTAAohkH8k8b0332.jpg','true','白色','https://openfile.meizu.com/group1/M00/08/A0/Cgbj0WCLqvCAXlyJAAJC6t5iFFc507.jpg680x680.jpg https://openfile.meizu.com/group1/M00/08/8E/Cgbj0GCLqvCAKf0wAAdboGt3X1I017.jpg680x680.jpg https://openfile.meizu.com/group1/M00/08/8E/Cgbj0GCLqvWAV2SBAAa6Db-HRok638.jpg680x680.jpg',NULL),('parts10','魅族 18X 手机保护膜【3片装】','005',39,1,'【3期免息】40W 无线超充 比肩有线 | 双重线圈 横竖无忧 | 立式风道 快而冷静】','../img/index/parts/2.jpg','','3片装 | 全面贴合 | 光滑触感 | 轻松贴膜','https://openfile.meizu.com/group1/M00/08/D3/Cgbj0GFKxk-AQzO7AAllEQdNY4U528.jpg','true','透明','https://openfile.meizu.com/group1/M00/08/EB/Cgbj0WFNM--AGzIfAAbfLG-cb_E480.png680x680.jpg',NULL),('parts11','魅族超充适配器 45W','005',99,1,'【3期免息】40W 无线超充 比肩有线 | 双重线圈 横竖无忧 | 立式风道 快而冷静】','../img/index/parts/3.jpg','','【满300减40】适配 18 系列 | 智能兼容','https://openfile.meizu.com/group1/M00/08/A4/Cgbj0GDB2FeAagg1AAikA530bx8232.jpg','true','白色','https://openfile.meizu.com/group1/M00/08/5D/Cgbj0GA7YaiAf0tzAAG41B1Zn38846.png680x680.jpg',NULL),('parts12','魅族超充 GaN 三口充电器','005',199,1,'【65W MAX功率输出】 GaN 芯片 | 安全小巧 | 三口输出','../img/index/parts/4.jpg','','【满300减40】65W MAX功率输出 | 三口输出','https://openfile.meizu.com/group1/M00/08/08/Cgbj0V7d_jyAANx7AAlcA4wc8GM622.jpg','true','白色','https://openfile.meizu.com/group1/M00/07/D7/Cgbj0F67s3yAYmI6AAIrMK1gFWU758.png680x680.jpg https://openfile.meizu.com/group1/M00/07/EC/Cgbj0V67s3eAUF1pAANHPpwEc34539.png680x680.jpg https://openfile.meizu.com/group1/M00/07/EC/Cgbj0V67s3eAXzYKAAJIJYoEv8o783.png680x680.jpg',NULL),('parts2','魅族 18 液态硅胶壳 盲盒','005',89,1,'【限时福利 | 买两件立省50元】惊喜盲盒随机选 | 附赠定制手机膜魅族 18/18s 可用 | 官方认证安全感 | 简约设计不简单','../img/index/parts/9.jpg','','【买两件立省50元】附赠定制手机膜','https://openfile.meizu.com/group1/M00/08/77/Cgbj0GBhyaqAVna8AA3SU3Dx4HQ01.jpeg','true','飞雪白 象牙白 新绿 竹青 冰川蓝','https://openfile.meizu.com/group1/M00/08/8B/Cgbj0WBlfWCAFawgAAROxu88-xc500.jpg680x680.jpg https://openfile.meizu.com/group1/M00/08/65/Cgbj0GA_GL-AHvcfAAdNXuMEUlM973.jpg680x680.jpg',NULL),('parts3','魅族 18 系列手机保护膜【3片装】','005',39,1,'【3片装 | 全面贴合 | 光滑触感 | 轻松贴膜】','../img/index/parts/6.jpg','49','【满300减40】3片装 | 全面贴合 | 光滑触感','https://openfile.meizu.com/group1/M00/08/D3/Cgbj0GFKxk-AQzO7AAllEQdNY4U528.jpg','true','透明（18/18S）','https://openfile.meizu.com/group1/M00/08/84/Cgbj0GCBMV-AN7OuAALQOskTBmY528.png680x680.jpg',NULL),('parts4','魅族 18 Pro 液态硅胶壳','005',89,1,'【限时福利 | 买两件立省50元】8款配色现货发售 | 附赠定制手机膜魅族 18 Pro/18s Pro 可用 | 官方认证安全感 | 简约设计不简单','../img/index/parts/7.jpg','','【买两件立省50元】附赠定制水凝膜','https://openfile.meizu.com/group1/M00/08/8A/Cgbj0WBhzOGADegmAAymLSs3C1476.jpeg','true','飞雪白 象牙白 新绿 竹青 冰川蓝','https://openfile.meizu.com/group1/M00/08/D6/Cgbj0WFByCeAQ1whAAohB4U64yk356.png680x680.jpg https://openfile.meizu.com/group1/M00/08/C3/Cgbj0GFByCeAPgBzAAohtOTmCxs246.png680x680.jpg',NULL),('parts5','魅族 18 Pro 液态硅胶壳','005',89,1,'【限时福利 | 买两件立省50元】9款配色现货发售 | 附赠定制手机膜魅族 18/18s 可用 | 官方认证安全感 | 简约设计不简单 | 惊喜盲盒随机选','../img/index/parts/8.jpg','','【买两件立省50元】附赠定制手机膜','https://openfile.meizu.com/group1/M00/08/77/Cgbj0GBhyaqAVna8AA3SU3Dx4HQ01.jpeg','true','飞雪白 象牙白 新绿 竹青 冰川蓝','https://openfile.meizu.com/group1/M00/08/D6/Cgbj0WFByCeAQ1whAAohB4U64yk356.png680x680.jpg https://openfile.meizu.com/group1/M00/08/C3/Cgbj0GFByCeAPgBzAAohtOTmCxs246.png680x680.jpg',NULL),('parts6','魅族 18 Pro 液态硅胶壳 盲盒','005',89,1,'【限时福利 | 买两件立省50元】惊喜盲盒随机选 | 附赠定制手机膜魅族 18 Pro/18s Pro 可用 | 官方认证安全感 | 简约设计不简单','../img/index/parts/5.jpg','','【买两件立省50元】赠定制水凝膜','https://openfile.meizu.com/group1/M00/08/8A/Cgbj0WBhzOGADegmAAymLSs3C1476.jpeg','true','盲盒（颜色随机）','https://openfile.meizu.com/group1/M00/08/79/Cgbj0GBlfUqADrC7AAKQBxaq6Mw688.jpg680x680.jpg https://openfile.meizu.com/group1/M00/08/79/Cgbj0WA_GOeAHeBaAAhTF_VfsJo443.jpg680x680.jpg',NULL),('parts7','魅族双 USB-C 快充线','005',39,1,'【双 USB-C 接口 | 5A 大电流 | 耐磨编织材料 | E-Marker 芯片】','../img/index/parts/10.jpg','49','【满300减40】双 USB-C 接口 | 5A 大电流','https://openfile.meizu.com/group1/M00/08/0D/Cgbj0V7jJ6eAZw44AAqPy9hWaeM323.jpg','true','红色','https://openfile.meizu.com/group1/M00/07/F7/Cgbj0F7jIyOAaKEWAAdLI30DPuc780.png680x680.jpg https://openfile.meizu.com/group1/M00/08/0D/Cgbj0V7jIyOANnOwAAQ0-i0HQwU710.png680x680.jpg https://openfile.meizu.com/group1/M00/07/F7/Cgbj0F7jIyOAeoHiAARpq7dyb90616.png680x680.jpg',NULL),('parts8','魅族 Type-C 数据线','005',49,1,'【5A 大电流 | Type-C 接口 | 更快更方便】','../img/index/parts/11.jpg','','【满300减40】5A 大电流 | Type-C 接口','https://openfile.meizu.com/group1/M00/07/D5/Cgbj0V6o4MuAAlMAAAZTahu5bjU774.jpg','true','白色','https://openfile.meizu.com/group1/M00/07/D5/Cgbj0V6o2n-ACbZsAAGnmeZVVRs678.png680x680.jpg https://openfile.meizu.com/group1/M00/07/BF/Cgbj0F6o2n-AEwG_AAIMQQfIZOg393.png680x680.jpg https://openfile.meizu.com/group1/M00/07/BF/Cgbj0F6o2n-AbpZ9AADbDABSZC0072.png680x680.jpg',NULL),('parts9','Lifeme PD 快充线','005',49,1,'【USB-C 转 Lightning | MFi 认证 | 3A 大电流 | PD 快充 | 兼容大部分苹果设备】','../img/index/parts/12.jpg','69','【满300减40 | 限时特惠49元】','https://openfile.meizu.com/group1/M00/08/96/Cgbj0WB9IvqAefE8AAoTt0TS-5w413.jpg','true','白色','https://openfile.meizu.com/group1/M00/07/F8/Cgbj0V7Qy2mAVnM6AARv0cdv8JI919.png680x680.jpg https://openfile.meizu.com/group1/M00/07/E2/Cgbj0F7Qy2mAHCR7AAF-Q4JVmJM749.png680x680.jpg',NULL),('phone1','魅族 18','001',3999,1,'【限时领券至高立省1100 | 12期免息】骁龙 888 | Flyme 9 隐私安全系统 全面隐私防护 真正安全体验 | 162g 6.2英寸轻妙手感 | 2K+ 120 帧微弧柔性屏 | 超声波屏','../img/index/phone/4.jpg','','限时领券至高立省1100 | 12期免息','https://openfile.meizu.com/group1/M00/08/6B/Cgbj0GBCB1uAJsm0AAUkmtMBf4U518.jpg','true','踏雪 渡海 等风','https://openfile.meizu.com/group1/M00/08/73/Cgbj0WA-HPiAav_gAAfPQ4W25Lo615.png680x680.jpg https://openfile.meizu.com/group1/M00/08/60/Cgbj0GA-HPiAT1adAAaW46zXCec278.png680x680.jpg https://openfile.meizu.com/group1/M00/08/73/Cgbj0WA-HPiAQYLZAATB33u-Qbs414.png680x680.jpg',''),('phone2','魅族 18 Pro','001',4999,1,'【限时领券至高立省1000 | 12期免息 | 赠手机壳】骁龙 888 | Flyme 9 隐私安全系统 全面隐私防护｜ 三星 GN1 5000万像素 | 记忆金属光学防抖｜ 2K+ 120帧 6.7','../img/index/phone/5.jpg','','限时领券至高立省1000 | 赠手机壳','https://openfile.meizu.com/group1/M00/08/78/Cgbj0WA_D7OAD1CQAAkbVYPbcLA844.jpg','true','飞雪流光 苍穹浩瀚 银河秘境','https://openfile.meizu.com/group1/M00/08/75/Cgbj0WA-HaGAfAzXAAaBocwqRik813.png680x680.jpg https://openfile.meizu.com/group1/M00/08/61/Cgbj0GA-HaGAYKEbAAX5raaNo-U695.png680x680.jpg https://openfile.meizu.com/group1/M00/08/74/Cgbj0WA-HaGAOKPBAALkYM96LWc514.png680x680.jpg',NULL),('phone3','魅族 18s','001',3699,1,'【新品上市 火爆热卖中】高通骁龙 888+ 旗舰 5G 处理器 | 162g 轻妙手感 | 6.2 英寸 2K+120Hz 满血小屏 | 0.1s 超声波指纹解锁 | Flyme 9.2 好用懂你的安','../img/index/phone/1.jpg','','高通骁龙 888+ | 162g 轻妙手感 ','https://openfile.meizu.com/group1/M00/08/D9/Cgbj0GFQIIqAf6uFAAt9Uo26CCI636.jpg','true','踏雪 渡海 等风 独角兽EVO','https://openfile.meizu.com/group1/M00/08/DB/Cgbj0WFESxKAJDr9AAu2UAchMWg966.png680x680.jpg https://openfile.meizu.com/group1/M00/08/C8/Cgbj0GFESw-AHTSvAA9LrgPLlpE929.png680x680.jpg https://openfile.meizu.com/group1/M00/08/C8/Cgbj0GFESxmAVSGFAAE-YKklnRU037.png680x680.jpg',NULL),('phone4','魅族 18s Pro','001',4599,1,'【新品上市 火爆热卖中】高通骁龙 888+ 旗舰 5G 处理器 | AR 全场景大师影像系统 | 2K+120Hz 四曲微弧屏 | 0.1s 超声波指纹解锁 | Flyme 9.2 好用懂你的安全系统','../img/index/phone/2.jpg','','高通骁龙 888+ | AR 全场景大师影像系统','https://openfile.meizu.com/group1/M00/08/ED/Cgbj0WFQIzWAeccCAA4LnTprJiQ000.jpg','true','飞雪流光 苍穹浩瀚 银河秘境','https://openfile.meizu.com/group1/M00/08/DC/Cgbj0WFETByAf6j8AAOqMS-Erfk097.png680x680.jpg https://openfile.meizu.com/group1/M00/08/DC/Cgbj0WFETByAWsR_AAVjlvuU3OQ275.png680x680.jpg https://openfile.meizu.com/group1/M00/08/C9/Cgbj0GFETByAHdWKAAQzaSawaHc090.png680x680.jpg',NULL),('phone5','魅族 18X','001',2599,1,'【新品上市】高通骁龙 870 + UFS 3.1 强劲性能 | 10bit 120Hz AMOLED 屏幕 | Flyme 9.2 好用懂你的安全系统 | 半小时充入电量 70% | Pure Fus','../img/index/phone/3.jpg','','高通骁龙 870 | 10bit 120Hz AMOLED 屏幕','https://openfile.meizu.com/group1/M00/08/ED/Cgbj0WFQHLCAabrQAAlcSn837ZI217.jpg','true','玄 禅 岚','https://openfile.meizu.com/group1/M00/08/C6/Cgbj0GFD_OWAbnQ-AAnrj3u6JUw104.png680x680.jpg https://openfile.meizu.com/group1/M00/08/D9/Cgbj0WFD_OWAfD2fAAIyzWQ6gCE617.png680x680.jpg https://openfile.meizu.com/group1/M00/08/D9/Cgbj0WFD_OWAGpOBAAJ5m6qjsic201.png680x680.jpg https://openfile.meizu.com/group1/M00/08/C6/Cgbj0GFD_PCAZeEPAAIfagvFIy8390.png680x680.jpg',NULL),('phone6','魅族 17 Pro','001',4898,1,'【限时领券立省1400+12期免息】高通骁龙 865 + UFS 3.1 + LPDDR5 | 6400W 全场景 AR 专业影像系统 | 煅烧陶瓷机身 | 120 Hz 尝鲜模式','../img/index/phone/6.jpg','','限时领券立省1400+12期免息','https://openfile.meizu.com/group1/M00/08/38/Cgbj0F-3NgGAYwV6AAvwAjRyirE014.jpg','true','乌金 定白','https://openfile.meizu.com/group1/M00/07/F5/Cgbj0F7gskGAT8SdAAi5TCCOE2Y178.png680x680.jpg https://openfile.meizu.com/group1/M00/07/DB/Cgbj0V6zwU2ABpNtAAKi3BlPF4A270.png680x680.jpg https://openfile.meizu.com/group1/M00/07/DB/Cgbj0V6zwVOAYv3TAAYSY_fifOs397.png680x680.jpg',NULL),('voice1','魅族 HD60 头戴式蓝牙耳机','003',299,1,'【限时特惠329元+3期免息】40mm生物振膜 | Type-C充电 | 触控操作 | 蓝牙5.0 | 轻奢品质','../img/index/voice/1.jpg','499','【魅友节特惠价299元+3期免息】','https://openfile.meizu.com/group1/M00/07/CC/Cgbj0V6P6sWAYEGmAAi3U9AJA1U458.jpg','true','雾银黑色 热带橙色','https://openfile.meizu.com/group1/M00/07/86/Cgbj0V3UocyAR_tJAApbDmCAyEo620.png680x680.jpg https://openfile.meizu.com/group1/M00/07/70/Cgbj0F3UocyAURruAAvfFlYI_Jw940.png680x680.jpg https://openfile.meizu.com/group1/M00/07/86/Cgbj0V3UocuAQnbLAAnMkgV6hKs023.png680x680.jpg',NULL),('voice2','魅蓝 HiFi 解码耳放','003',79,1,'【新品上市 | 限量现货】独立 DAC 解码芯片 | 600 欧姆高阻抗负载 | 31mW 大推力 | 小巧便携','../img/index/voice/2.jpg','','独立 DAC 解码芯片 | 600 欧姆高阻抗负载','https://openfile.meizu.com/group1/M00/08/D9/Cgbj0GFNnpuAFvl0AAtbY0NtdDI725.jpg','true','蓝色','https://openfile.meizu.com/group1/M00/08/EC/Cgbj0WFNm6CAQWo1AALl7FZKaN4346.png680x680.jpg https://openfile.meizu.com/group1/M00/08/D8/Cgbj0GFNm5uAXcnQAAGbcKHPBTE458.png680x680.jpg https://openfile.meizu.com/group1/M00/08/D8/Cgbj0GFNm5uAZwSmAAISn2ZSP6U116.png680x680.jpg',NULL),('voice3','魅蓝 Blus 主动降噪耳机','003',199,1,'【备货中 | 敬请关注】12mm 超大动圈 | 30dB 品质级主动降噪 | 双 mic 通话降噪 | 30h 超长续航 | 无线充电 | 开盖即连','../img/index/voice/3.jpg','','12mm超大动圈 30dB品质级主动降噪 30h长续航','https://openfile.meizu.com/group1/M00/08/C3/Cgbj0GFC3suAIVk6AA5WZfyR-0o680.jpg','false','白色','https://openfile.meizu.com/group1/M00/08/D0/Cgbj0WE5p9OAS06fAATJ75w3M74692.png680x680.jpg https://openfile.meizu.com/group1/M00/08/BC/Cgbj0GE5p8yAP9FTAAIl4uFlljY530.png680x680.jpg https://openfile.meizu.com/group1/M00/08/BC/Cgbj0GE5p8yANUm1AAQNp33pbtI861.png680x680.jpg',NULL),('voice4','魅族 POP2s 真无线耳机','003',199,1,'【限时特惠199元+3期免息】好声音标杆 | Flyme 妙连｜双主机同步传输｜蓝牙 5.0 芯片｜超低延时｜黄金分割设计','../img/index/voice/4.jpg','','【魅友节特惠价199元+3期免息】','https://openfile.meizu.com/group1/M00/08/42/Cgbj0V-NZOKAaV8fAAvTNbiiveA141.jpg','true','白色','https://openfile.meizu.com/group1/M00/08/40/Cgbj0V-JCL-AFILgAAIL23SXHHk354.png680x680.jpg https://openfile.meizu.com/group1/M00/08/40/Cgbj0V-JCL6ABnLKAANAzq42AMY350.png680x680.jpg https://openfile.meizu.com/group1/M00/08/2C/Cgbj0F-JCL-AU3s4AARVzPGai1Q569.png680x680.jpg',NULL),('voice5','魅族 HIFI 解码耳放','003',169,1,'【限量现货】高性能DAC芯片 | 纯净HiFi音质 | 600Ω高阻抗推力 | Type-C 转接线 | 音乐发烧友必备','../img/index/voice/5.jpg','','高性能DAC芯片 纯净HiFi音质 600Ω高阻抗推力','https://openfile.meizu.com/group1/M00/07/2F/Cgbj0Vy_CqqANGjLAAp_0XHuByU557.jpg','true','黑色','https://openfile.meizu.com/group1/M00/07/2F/Cgbj0Vy_C3GAN_TKAAExaPfTwFc180.png680x680.jpg https://openfile.meizu.com/group1/M00/07/18/Cgbj0Fy_C3WAD8y0AACiEridFPM095.png680x680.jpg',NULL),('voice6','魅族 HD60 降噪耳机','003',799,1,'【限时券后价799元+12期免息】索尼主动降噪芯片 | 40mm镀铍振膜 | 触控操作 | USB - C 快充 | 轻奢品质','../img/index/voice/6.jpg','1099','【魅友节特惠价799元+12期免息】','https://openfile.meizu.com/group1/M00/08/0D/Cgbj0F8aRi2AZOf_AAdfp1ywiGM455.jpg','true','黑色','https://openfile.meizu.com/group1/M00/07/E0/Cgbj0V6z8VSAV6kEAAlCc-omYno614.png680x680.jpg https://openfile.meizu.com/group1/M00/07/CB/Cgbj0F6z8U6AHC0LAAuckwCET9o903.png680x680.jpg https://openfile.meizu.com/group1/M00/07/CB/Cgbj0F6z8U2AXF4DAAcpgTobedU040.png680x680.jpg',NULL),('voice7','魅族 HD60 头戴式蓝牙耳机','003',299,1,'【限时特惠329元+3期免息】40mm生物振膜 | Type-C充电 | 触控操作 | 蓝牙5.0 | 轻奢品质','../img/index/voice/7.jpg','499','【魅友节特惠价299元+3期免息】','https://openfile.meizu.com/group1/M00/07/CC/Cgbj0V6P6sWAYEGmAAi3U9AJA1U458.jpg','true','雾银黑色 热带橙色','https://openfile.meizu.com/group1/M00/07/86/Cgbj0V3UocyAR_tJAApbDmCAyEo620.png680x680.jpg https://openfile.meizu.com/group1/M00/07/70/Cgbj0F3UocyAURruAAvfFlYI_Jw940.png680x680.jpg https://openfile.meizu.com/group1/M00/07/86/Cgbj0V3UocuAQnbLAAnMkgV6hKs023.png680x680.jpg',NULL),('voice8','魅族 HALO 激光蓝牙耳机','003',499,1,'【炫酷夜跑神器 随性张扬】','../img/index/voice/8.jpg','999','炫酷夜跑神器 随性张扬','https://openfile.meizu.com/group1/M00/04/6F/Cgbj0Vr-fIaAEwvKAA2Hox1ukAk217.jpg','true','蓝色 红色','https://openfile.meizu.com/group1/M00/04/08/Cgbj0FrcX6iAfZfmAARPvQUH0FM087.png680x680.jpg https://openfile.meizu.com/group1/M00/04/16/Cgbj0VrcX6OAAW6lAAPIqwaY3Yk458.png680x680.jpg https://openfile.meizu.com/group1/M00/06/D1/Cgbj0FwA5K6AdeU_AAorDn3t-Vs866.jpg680x680.jpg',NULL);

#
# Structure for table "goodstype"
#

CREATE TABLE `goodstype` (
  `typeid` char(3) NOT NULL,
  `goodstype` varchar(20) NOT NULL,
  PRIMARY KEY (`typeid`)
) ENGINE=MyISAM DEFAULT CHARSET=utf8;

#
# Data for table "goodstype"
#

INSERT INTO `goodstype` VALUES ('001','手机'),('002','PANDAER 奇趣探索'),('003','魅族声学'),('004','lipro智能家居'),('005','智能配件'),('006','社区热贴');

#
# Structure for table "shoppingcart"
#

CREATE TABLE `shoppingcart` (
  `vipName` varchar(10) DEFAULT NULL,
  `goodsId` varchar(10) DEFAULT NULL,
  `goodsCount` int(11) DEFAULT NULL,
  `goodsSelectColor` varchar(1000) DEFAULT NULL
) ENGINE=MyISAM DEFAULT CHARSET=utf8;

#
# Data for table "shoppingcart"
#

INSERT INTO `shoppingcart` VALUES ('aaaa','pandaer3',3,'芒果绵绵冰（18Pro/18sPro）'),('aaaa','pandaer8',3,'本体+65W充电器'),('aaaaaa','phone2',3,'飞雪流光'),('aaaaaa','phone3',2,'踏雪');

#
# Structure for table "vip"
#

CREATE TABLE `vip` (
  `username` varchar(20) NOT NULL,
  `userpass` varchar(16) NOT NULL,
  `sex` char(2) DEFAULT '女',
  `age` int(11) DEFAULT NULL,
  PRIMARY KEY (`username`)
) ENGINE=MyISAM DEFAULT CHARSET=utf8;

#
# Data for table "vip"
#

INSERT INTO `vip` VALUES ('15235396837','111111','女',NULL),('18335941050','123123','女',NULL),('aaaa','111111','女',NULL),('aaaaaa','111111','女',NULL);
